MTS793|MPT|ENU|1|2|.|/|:|1|0|0|A,,,,,,,,,
,,,,,,,,,
Data Acquisition,,,,,,Time:,409.35938,s,1/20/2017 16:53
Axial Displacement,Axial Displacement Error,Axial Force,Axial Force Abs. Error,Running Time,Time,,,,
mm,mm,N,N,s,s,,,,
-2.0798254,-0.000207424,-50.325951,0,0.50195313,0.5234375,,,,
-2.0804954,0.000462532,-51.108768,0,1.0019531,1.0234375,,,,
-2.0799756,-5.72E-05,-52.669689,0,1.5019531,1.5234375,,,,
-2.0803499,0.000317097,-52.909252,0,2.0019531,2.0234375,,,,
-2.0800889,5.60E-05,-51.498951,0,2.5019531,2.5234375,,,,
-2.080164,0.00013113,-51.809265,0,3.0019531,3.0234375,,,,
-2.0792902,-0.000742674,-51.6003,0,3.5019531,3.5234375,,,,
-2.0799017,-0.00013113,-53.873123,0,4.0019531,4.0234375,,,,
-2.0804417,0.000408888,-52.542892,0,4.5019531,4.5234375,,,,
-2.0805073,0.000474453,-53.273678,0,5.0019531,5.0234375,,,,
-2.0797479,-0.00028491,-52.291458,0,5.5019531,5.5234375,,,,
-2.0796251,-0.000407696,-52.408432,0,6.0019531,6.0234375,,,,
-2.0800877,5.48E-05,-52.631786,0,6.5019531,6.5234375,,,,
-2.0801282,9.54E-05,-51.749756,0,7.0019531,7.0234375,,,,
-2.0797431,-0.000289679,-53.824974,0,7.5019531,7.5234375,,,,
-2.080096,6.32E-05,-56.179031,0,8.0019531,8.0234375,,,,
-2.079463,-0.00056982,-53.635681,0,8.5019531,8.5234375,,,,
-2.0801532,0.000120401,-54.20607,0,9.0019531,9.0234375,,,,
-2.0799184,-0.000114441,-53.192696,0,9.5019531,9.5234375,,,,
-2.0796204,-0.000412464,-53.408512,0,10.001953,10.023438,,,,
-2.0799375,-9.94E-05,-53.683483,0,10.501953,10.523438,,,,
-2.079587,-0.00046277,-53.789631,0,11.001953,11.023438,,,,
-2.0802069,0.000135183,-55.003494,0,11.501953,11.523438,,,,
-2.0797324,-0.000370502,-53.580521,0,12.001953,12.023438,,,,
-2.0799994,-0.00014329,-54.058224,0,12.501953,12.523438,,,,
-2.0803499,0.000158072,-53.752171,0,13.001953,13.023438,,,,
-2.0803678,0.000117779,-53.977779,0,13.501953,13.523438,,,,
-2.0796835,-0.000633478,-50.90218,0,14.001953,14.023438,,,,
-2.0794404,-0.000952721,-51.653477,0,14.501953,14.523438,,,,
-2.080133,-0.00034523,-54.647564,0,15.001953,15.023438,,,,
-2.0800972,-0.000475168,-57.202347,0,15.501953,15.523438,,,,
-2.0806718,-3.81E-06,-58.809296,0,16.001953,16.023438,,,,
-2.08022,-0.000567675,-59.92709,0,16.501953,16.523438,,,,
-2.0813978,0.000488758,-63.273079,0,17.001953,17.023438,,,,
-2.0816422,0.000602961,-64.484657,0,17.501953,17.523438,,,,
-2.0813406,0.000162125,-63.112026,0,18.001953,18.023438,,,,
-2.0811117,-0.000215054,-65.034698,0,18.501953,18.523438,,,,
-2.081598,0.000114203,-65.769913,0,19.001953,19.023438,,,,
-2.0826149,0.000964642,-68.466385,0,19.501953,19.523438,,,,
-2.0819211,9.56E-05,-69.395454,0,20.001953,20.023438,,,,
-2.0817196,-0.000290155,-70.980629,0,20.501953,20.523438,,,,
-2.082417,0.000213861,-69.855568,0,21.001953,21.023438,,,,
-2.0821071,-0.000298262,-71.047661,0,21.501953,21.523438,,,,
-2.0817649,-0.00085187,-72.022316,0,22.001953,22.023438,,,,
-2.082417,-0.000420094,-72.806419,0,22.501953,22.523438,,,,
-2.0826149,-0.000451565,-74.474678,0,23.001953,23.023438,,,,
-2.0832992,-5.72E-06,-80.610725,0,23.501953,23.523438,,,,
-2.0835721,1.98E-05,-80.151672,0,24.001953,24.023438,,,,
-2.0843315,0.000522852,-82.994438,0,24.501953,24.523438,,,,
-2.0840573,-1.67E-05,-84.690331,0,25.001953,25.023438,,,,
-2.085309,0.000960588,-95.034325,0,25.501953,25.523438,,,,
-2.0866346,0.002002716,-102.85448,0,26.001953,26.023438,,,,
-2.0861995,0.001275063,-101.83681,0,26.501953,26.523438,,,,
-2.0861101,0.000884295,-101.51195,0,27.001953,27.023438,,,,
-2.0864582,0.000921965,-100.77022,0,27.501953,27.523438,,,,
-2.0861781,0.000322342,-99.630165,0,28.001953,28.023438,,,,
-2.086376,0.000191689,-99.103775,0,28.501953,28.523438,,,,
-2.0864928,-2.91E-05,-100.80968,0,29.001953,29.023438,,,,
-2.0865262,-0.000342131,-102.8043,0,29.501953,29.523438,,,,
-2.087698,0.000474215,-104.82059,0,30.001953,30.023438,,,,
-2.0874727,-0.000115633,-107.83788,0,30.501953,30.523438,,,,
-2.087549,-0.000412941,-112.73041,0,31.001953,31.023438,,,,
-2.0880425,-0.000301838,-114.27985,0,31.501953,31.523438,,,,
-2.0884013,-0.000334501,-116.72356,0,32.001953,32.023438,,,,
-2.0881486,-0.000987768,-119.45052,0,32.501953,32.523438,,,,
-2.0891809,-0.000365019,-119.95474,0,33.001953,33.023438,,,,
-2.0891702,-0.000794172,-123.3344,0,33.501953,33.523438,,,,
-2.0903981,6.20E-06,-129.3548,0,34.001953,34.023438,,,,
-2.0908368,8.34E-06,-133.39987,0,34.501953,34.523438,,,,
-2.0909297,-0.000344276,-136.80685,0,35.001953,35.023438,,,,
-2.0920181,0.000289679,-140.90598,0,35.501953,35.523438,,,,
-2.0923197,0.000127792,-147.80133,0,36.001953,36.023438,,,,
-2.0928645,0.000200033,-152.57271,0,36.501953,36.523438,,,,
-2.0931363,-9.54E-06,-154.16237,0,37.001953,37.023438,,,,
-2.094059,0.000422478,-155.87494,0,37.501953,37.523438,,,,
-2.0938826,-0.000253439,-158.01811,0,38.001953,38.023438,,,,
-2.0944703,-0.000174046,-161.22258,0,38.501953,38.523438,,,,
-2.094593,-0.000568867,-161.99545,0,39.001953,39.023438,,,,
-2.0952785,-0.000409842,-169.80394,0,39.501953,39.523438,,,,
-2.0965672,0.000343323,-177.30904,0,40.001953,40.023438,,,,
-2.0968401,7.20E-05,-181.64551,0,40.501953,40.523438,,,,
-2.097652,0.000330448,-188.58394,0,41.001953,41.023438,,,,
-2.0985639,0.00067997,-191.06889,0,41.501953,41.523438,,,,
-2.0981038,-0.000351667,-192.35162,0,42.001953,42.023438,,,,
-2.098794,-0.000241756,-196.68237,0,42.501953,42.523438,,,,
-2.0999241,0.000298977,-201.88695,0,43.001953,43.023438,,,,
-2.0997643,-0.000458956,-207.69783,0,43.501953,43.523438,,,,
-2.1005368,-0.00029397,-210.82906,0,44.001953,44.023438,,,,
-2.1007681,-0.000679016,-215.06923,0,44.501953,44.523438,,,,
-2.1016335,-0.00043869,-216.85254,0,45.001953,45.023438,,,,
-2.1022534,-0.000453234,-227.42004,0,45.501953,45.523438,,,,
-2.1029902,-0.000359535,-233.02853,0,46.001953,46.023438,,,,
-2.103765,-0.000236988,-236.39626,0,46.501953,46.523438,,,,
-2.1043801,-0.000283003,-241.89227,0,47.001953,47.023438,,,,
-2.1044791,-0.000854254,-247.29289,0,47.501953,47.523438,,,,
-2.1053815,-0.000630856,-253.15231,0,48.001953,48.023438,,,,
-2.1068323,0.000131845,-260.16626,0,48.501953,48.523438,,,,
-2.1074843,8.68E-05,-267.91614,0,49.001953,49.023438,,,,
-2.1077609,-0.000342608,-275.92197,0,49.501953,49.523438,,,,
-2.1093178,0.000499249,-280.83643,0,50.001953,50.023438,,,,
-2.1093893,-0.000153065,-284.2962,0,50.501953,50.523438,,,,
-2.1090841,-0.001191139,-291.19809,0,51.001953,51.023438,,,,
-2.1098673,-0.001149893,-295.78845,0,51.501953,51.523438,,,,
-2.1108592,-0.000908852,-303.90631,0,52.001953,52.023438,,,,
-2.113117,0.000589132,-316.4906,0,52.501953,52.523438,,,,
-2.1134031,0.000106573,-320.28879,0,53.001953,53.023438,,,,
-2.1141827,0.00010848,-325.72495,0,53.501953,53.523438,,,,
-2.1143377,-0.00052309,-329.96494,0,54.001953,54.023438,,,,
-2.115078,-0.000578642,-335.7388,0,54.501953,54.523438,,,,
-2.1158111,-0.000649929,-343.88577,0,55.001953,55.023438,,,,
-2.1168077,-0.000466824,-353.45828,0,55.501953,55.523438,,,,
-2.1186805,0.00058341,-365.12585,0,56.001953,56.023438,,,,
-2.1187365,-0.000191927,-373.45697,0,56.501953,56.523438,,,,
-2.1201861,0.000417471,-379.15051,0,57.001953,57.023438,,,,
-2.1201408,-0.000477076,-383.48224,0,57.501953,57.523438,,,,
-2.1211064,-0.000369787,-391.33859,0,58.001953,58.023438,,,,
-2.1226561,0.000312805,-397.99011,0,58.501953,58.523438,,,,
-2.1231782,-4.12E-05,-405.68878,0,59.001953,59.023438,,,,
-2.1246696,0.000565052,-418.13074,0,59.501953,59.523438,,,,
-2.125057,5.84E-05,-424.10941,0,60.001953,60.023438,,,,
-2.1259522,5.08E-05,-433.66742,0,60.501953,60.523438,,,,
-2.1270967,0.00028348,-436.36859,0,61.001953,61.023438,,,,
-2.1272087,-0.000525236,-441.86481,0,61.501953,61.523438,,,,
-2.1288645,0.000200987,-449.76138,0,62.001953,62.023438,,,,
-2.1291924,-0.000409842,-455.72089,0,62.501953,62.523438,,,,
-2.1297312,-0.000818729,-455.39984,0,63.001953,63.023438,,,,
-2.1302724,-0.001233816,-465.15973,0,63.501953,63.523438,,,,
-2.1311879,-0.001283884,-477.79593,0,64.001953,64.023438,,,,
-2.1331894,-0.000256538,-493.88086,0,64.501953,64.523438,,,,
-2.1356559,0.001226664,-514.30396,0,65.001953,65.023438,,,,
-2.1370327,0.001611471,-520.32501,0,65.501953,65.523438,,,,
-2.1366227,0.000200272,-517.08636,0,66.001953,66.023438,,,,
-2.1377683,0.000335932,-529.4823,0,66.501953,66.523438,,,,
-2.1385777,0.0001266,-539.00684,0,67.001953,67.023438,,,,
-2.1397781,0.000299215,-547.13745,0,67.501953,67.523438,,,,
-2.1405065,-9.30E-06,-552.89929,0,68.001953,68.023438,,,,
-2.1413851,-0.000176191,-557.19476,0,68.501953,68.523438,,,,
-2.1421587,-0.000457048,-560.29388,0,69.001953,69.023438,,,,
-2.1432936,-0.000385523,-572.0448,0,69.501953,69.523438,,,,
-2.1437728,-0.00097847,-577.70917,0,70.001953,70.023438,,,,
-2.144345,-0.001487494,-583.54333,0,70.501953,70.523438,,,,
-2.1457779,-0.001144648,-593.93335,0,71.001953,71.023438,,,,
-2.1467721,-0.001249313,-601.0589,0,71.501953,71.523438,,,,
-2.1479416,-0.001187801,-609.43976,0,72.001953,72.023438,,,,
-2.1490085,-0.001237631,-618.8783,0,72.501953,72.523438,,,,
-2.1502936,-0.001078129,-626.30603,0,73.001953,73.023438,,,,
-2.1524036,-0.000102758,-641.56958,0,73.501953,73.523438,,,,
-2.1528208,-0.000828743,-643.13379,0,74.001953,74.023438,,,,
-2.1545243,-0.000277519,-665.28448,0,74.501953,74.523438,,,,
-2.156086,0.000122786,-678.40625,0,75.001953,75.023438,,,,
-2.1570599,-7.32E-05,-683.74341,0,75.501953,75.523438,,,,
-2.1580327,-0.000279427,-688.81433,0,76.001953,76.023438,,,,
-2.1591592,-0.0003407,-696.62885,0,76.501953,76.523438,,,,
-2.1603405,-0.000355959,-705.66772,0,77.001953,77.023438,,,,
-2.1606219,-0.001280069,-714.63629,0,77.501953,77.523438,,,,
-2.1625197,-0.000596523,-724.47394,0,78.001953,78.023438,,,,
-2.1634507,-0.000888586,-735.53094,0,78.501953,78.523438,,,,
-2.165792,0.000220537,-750.75348,0,79.001953,79.023438,,,,
-2.1675599,0.000747442,-763.51434,0,79.501953,79.523438,,,,
-2.1686685,0.000606298,-776.74054,0,80.001953,80.023438,,,,
-2.1691883,-0.000132561,-781.97034,0,80.501953,80.523438,,,,
-2.1699476,-0.000640631,-788.64728,0,81.001953,81.023438,,,,
-2.1716464,-0.000218391,-801.11743,0,81.501953,81.523438,,,,
-2.1731532,3.34E-06,-815.42645,0,82.001953,82.023438,,,,
-2.1739185,-0.000525236,-822.40674,0,82.501953,82.523438,,,,
-2.1758044,5.77E-05,-832.94037,0,83.001953,83.023438,,,,
-2.1764863,-0.000572205,-843.85492,0,83.501953,83.523438,,,,
-2.1786594,0.000280619,-861.42438,0,84.001953,84.023438,,,,
-2.1797013,-6.91E-06,-869.66998,0,84.501953,84.523438,,,,
-2.1806931,-0.000353336,-883.61273,0,85.001953,85.023438,,,,
-2.1823633,-3.03E-05,-898.84644,0,85.501953,85.523438,,,,
-2.18449,0.000740528,-906.28174,0,86.001953,86.023438,,,,
-2.1857369,0.000622988,-917.30261,0,86.501953,86.523438,,,,
-2.186054,-0.000433445,-922.97925,0,87.001953,87.023438,,,,
-2.1873367,-0.000533104,-935.58514,0,87.501953,87.523438,,,,
-2.188623,-0.00063777,-951.63312,0,88.001953,88.023438,,,,
-2.1908426,0.000181913,-961.72229,0,88.501953,88.523438,,,,
-2.1913004,-0.000769138,-971.90631,0,89.001953,89.023438,,,,
-2.1927202,-0.000766754,-984.80176,0,89.501953,89.523438,,,,
-2.1942568,-0.000656605,-998.45392,0,90.001953,90.023438,,,,
-2.1961594,-0.000189066,-1009.5699,0,90.501953,90.523438,,,,
-2.198689,0.000896692,-1031.8986,0,91.001953,91.023438,,,,
-2.2004938,0.001248837,-1050.339,0,91.501953,91.523438,,,,
-2.201736,0.001029491,-1066.1102,0,92.001953,92.023438,,,,
-2.2029829,0.000806093,-1062.5232,0,92.501953,92.523438,,,,
-2.2024024,-0.001253605,-1060.8326,0,93.001953,93.023438,,,,
-2.2048497,-0.000294209,-1087.646,0,93.501953,93.523438,,,,
-2.2069418,0.000301361,-1101.817,0,94.001953,94.023438,,,,
-2.2078061,-0.000339985,-1111.7114,0,94.501953,94.523438,,,,
-2.2094333,-0.000226974,-1120.3773,0,95.001953,95.023438,,,,
-2.2109711,-0.000211954,-1133.5419,0,95.501953,95.523438,,,,
-2.2132254,0.000510454,-1148.7869,0,96.001953,96.023438,,,,
-2.2137535,-0.000501871,-1157.1577,0,96.501953,96.523438,,,,
-2.2156537,-0.000150919,-1165.7419,0,97.001953,97.023438,,,,
-2.2163892,-0.000973463,-1179.1409,0,97.501953,97.523438,,,,
-2.2182488,-0.000680685,-1189.7677,0,98.001953,98.023438,,,,
-2.2199392,-0.000565767,-1206.891,0,98.501953,98.523438,,,,
-2.2216344,-0.000455141,-1221.3793,0,99.001953,99.023438,,,,
-2.2232914,-0.000391006,-1232.2969,0,99.501953,99.523438,,,,
-2.226572,0.001287699,-1268.5476,0,100.00195,100.02344,,,,
-2.2318161,0.004921198,-1316.8202,0,100.50195,100.52344,,,,
-2.2318912,0.003377199,-1302.5125,0,101.00195,101.02344,,,,
-2.2319233,0.001781225,-1290.0593,0,101.50195,101.52344,,,,
-2.2325373,0.00075841,-1284.6024,0,102.00195,102.02344,,,,
-2.232455,-0.000969172,-1283.0891,0,102.50195,102.52344,,,,
-2.2334719,-0.001606703,-1291.4731,0,103.00195,103.02344,,,,
-2.235955,-0.000786543,-1312.068,0,103.50195,103.52344,,,,
-2.2375667,-0.000846386,-1336.0712,0,104.00195,104.02344,,,,
-2.2399199,-0.000173569,-1353.8005,0,104.50195,104.52344,,,,
-2.2412431,-0.000539303,-1367.7294,0,105.00195,105.02344,,,,
-2.2436833,0.000203133,-1379.7567,0,105.50195,105.52344,,,,
-2.2454953,0.000308514,-1395.449,0,106.00195,106.02344,,,,
-2.2460902,-0.000811815,-1400.2993,0,106.50195,106.52344,,,,
-2.2478282,-0.000797749,-1412.5024,0,107.00195,107.02344,,,,
-2.2494686,-0.000890017,-1426.6515,0,107.50195,107.52344,,,,
-2.2524202,0.000320196,-1445.3855,0,108.00195,108.02344,,,,
-2.2539699,0.000119925,-1460.7504,0,108.50195,108.52344,,,,
-2.2564399,0.000831366,-1474.2654,0,109.00195,109.02344,,,,
-2.2578239,0.000447989,-1484.7174,0,109.50195,109.52344,,,,
-2.2593129,0.000160933,-1491.3828,0,110.00195,110.02344,,,,
-2.2602808,-0.000655651,-1497.8239,0,110.50195,110.52344,,,,
-2.2612071,-0.001523018,-1503.0925,0,111.00195,111.02344,,,,
-2.2627425,-0.00178957,-1518.9037,0,111.50195,111.52344,,,,
-2.2656345,-0.000708342,-1536.9241,0,112.00195,112.02344,,,,
-2.2674382,-0.000724316,-1550.6207,0,112.50195,112.52344,,,,
-2.2692394,-0.000751019,-1566.8907,0,113.00195,113.02344,,,,
-2.2709787,-0.000848293,-1579.1672,0,113.50195,113.52344,,,,
-2.2736275,-4.48E-05,-1592.6644,0,114.00195,114.02344,,,,
-2.2750175,-0.000509024,-1603.0094,0,114.50195,114.52344,,,,
-2.2764182,-0.00097084,-1617.2441,0,115.00195,115.02344,,,,
-2.2798872,0.000626802,-1646.8531,0,115.50195,115.52344,,,,
-2.2825611,0.001420736,-1667.9966,0,116.00195,116.02344,,,,
-2.2845972,0.001568079,-1677.7297,0,116.50195,116.52344,,,,
-2.2862589,0.001332521,-1679.6354,0,117.00195,117.02344,,,,
-2.2871673,0.000335217,-1683.9084,0,117.50195,117.52344,,,,
-2.2884738,-0.000272751,-1687.6156,0,118.00195,118.02344,,,,
-2.2902417,-0.000427961,-1695.5813,0,118.50195,118.52344,,,,
-2.2913849,-0.001216412,-1708.4916,0,119.00195,119.02344,,,,
-2.2930181,-0.001523495,-1718.2993,0,119.50195,119.52344,,,,
-2.2942901,-0.002200604,-1730.6049,0,120.00195,120.02344,,,,
-2.2976112,-0.000837088,-1753.7528,0,120.50195,120.52344,,,,
-2.3016536,0.001239061,-1794.052,0,121.00195,121.02344,,,,
-2.303977,0.001587629,-1814.9314,0,121.50195,121.52344,,,,
-2.3069453,0.002572775,-1821.5002,0,122.00195,122.02344,,,,
-2.3077786,0.001414061,-1813.2903,0,122.50195,122.52344,,,,
-2.3086655,0.000300407,-1808.23,0,123.00195,123.02344,,,,
-2.3098779,-0.000496149,-1804.9756,0,123.50195,123.52344,,,,
-2.3122263,-0.000165462,-1820.8657,0,124.00195,124.02344,,,,
-2.3140061,-0.000411987,-1831.2236,0,124.50195,124.52344,,,,
-2.3159063,-0.000546694,-1852.6647,0,125.00195,125.02344,,,,
-2.3188353,0.000338793,-1865.3024,0,125.50195,125.52344,,,,
-2.3199975,-0.000550985,-1867.6224,0,126.00195,126.02344,,,,
-2.3214865,-0.001122475,-1867.5806,0,126.50195,126.52344,,,,
-2.3229563,-0.001721621,-1879.1282,0,127.00195,127.02344,,,,
-2.3260093,-0.000746489,-1907.646,0,127.50195,127.52344,,,,
-2.3289287,8.68E-05,-1928.0907,0,128.00195,128.02344,,,,
-2.3306036,-0.000333071,-1939.7299,0,128.50195,128.52344,,,,
-2.3332524,0.000212431,-1956.7115,0,129.00195,129.02344,,,,
-2.3354745,0.00032258,-1964.4088,0,129.50195,129.52344,,,,
-2.3372972,2.50E-05,-1973.0548,0,130.00195,130.02344,,,,
-2.3394275,2.62E-05,-1983.6748,0,130.50195,130.52344,,,,
-2.3408866,-0.000652075,-1986.0112,0,131.00195,131.02344,,,,
-2.34218,-0.001504421,-2002.152,0,131.50195,131.52344,,,,
-2.3456144,-0.000224352,-2030.4122,0,132.00195,132.02344,,,,
-2.349596,0.001594067,-2065.4854,0,132.50195,132.52344,,,,
-2.3523843,0.002211094,-2077.0344,0,133.00195,133.02344,,,,
-2.3542428,0.001889467,-2074.8604,0,133.50195,133.52344,,,,
-2.3550582,0.000516415,-2073.4146,0,134.00195,134.02344,,,,
-2.3573089,0.00056982,-2080.5945,0,134.50195,134.52344,,,,
-2.3588085,-0.000135899,-2090.4478,0,135.00195,135.02344,,,,
-2.3602533,-0.000905037,-2098.3215,0,135.50195,135.52344,,,,
-2.3618722,-0.001508474,-2107.553,0,136.00195,136.02344,,,,
-2.364428,-0.001183748,-2118.3428,0,136.50195,136.52344,,,,
-2.3664165,-0.001434565,-2139.905,0,137.00195,137.02344,,,,
-2.3710012,0.000902176,-2181.8687,0,137.50195,137.52344,,,,
-2.3734713,0.001115799,-2203.8044,0,138.00195,138.02344,,,,
-2.3759508,0.001330614,-2214.1313,0,138.50195,138.52344,,,,
-2.3773885,0.000494957,-2222.2583,0,139.00195,139.02344,,,,
-2.3792076,3.22E-05,-2223.4954,0,139.50195,139.52344,,,,
-2.380662,-0.000803471,-2227.375,0,140.00195,140.02344,,,,
-2.3828208,-0.000943184,-2240.0845,0,140.50195,140.52344,,,,
-2.3871088,0.001037836,-2296.4631,0,141.00195,141.02344,,,,
-2.391721,0.003334522,-2335.2388,0,141.50195,141.52344,,,,
-2.3934805,0.002769947,-2334.4902,0,142.00195,142.02344,,,,
-2.3948324,0.00178957,-2329.5774,0,142.50195,142.52344,,,,
-2.3964584,0.001074553,-2335.5356,0,143.00195,143.02344,,,,
-2.3977625,2.96E-05,-2339.4229,0,143.50195,143.52344,,,,
-2.3991132,-0.000977516,-2346.854,0,144.00195,144.02344,,,,
-2.4009454,-0.001511097,-2358.7783,0,144.50195,144.52344,,,,
-2.4030197,-0.001811266,-2377.8037,0,145.00195,145.02344,,,,
-2.406249,-0.00096488,-2402.1641,0,145.50195,145.52344,,,,
-2.4078631,-0.001741886,-2419.4233,0,146.00195,146.02344,,,,
-2.4110746,-0.000930071,-2444.7966,0,146.50195,146.52344,,,,
-2.413851,-0.000561714,-2464.4563,0,147.00195,147.02344,,,,
-2.4165678,-0.000261307,-2482.0508,0,147.50195,147.52344,,,,
-2.419517,0.000262976,-2502.7275,0,148.00195,148.02344,,,,
-2.4215353,-0.000151873,-2516.6228,0,148.50195,148.52344,,,,
-2.4234831,-0.000645638,-2528.7998,0,149.00195,149.02344,,,,
-2.4267161,0.000137568,-2565.6812,0,149.50195,149.52344,,,,
-2.4302864,0.001249552,-2587.3435,0,150.00195,150.02344,,,,
-2.4319315,0.0004282,-2599.7705,0,150.50195,150.52344,,,,
-2.4346292,0.000650883,-2609.4021,0,151.00195,151.02344,,,,
-2.4358439,-0.000617743,-2620.6309,0,151.50195,151.52344,,,,
-2.4380958,-0.000857592,-2631.8862,0,152.00195,152.02344,,,,
-2.4401963,-0.001257181,-2650.6038,0,152.50195,152.52344,,,,
-2.4431884,-0.000773191,-2670.3447,0,153.00195,153.02344,,,,
-2.4461579,-0.000320435,-2704.3132,0,153.50195,153.52344,,,,
-2.4492669,0.000263691,-2719.2058,0,154.00195,154.02344,,,,
-2.4519825,0.000446081,-2746.6155,0,154.50195,154.52344,,,,
-2.4547577,0.000679731,-2768.1079,0,155.00195,155.02344,,,,
-2.4568892,0.000261307,-2776.6079,0,155.50195,155.52344,,,,
-2.4592412,5.48E-05,-2787.2021,0,156.00195,156.02344,,,,
-2.4619639,0.000211,-2808.856,0,156.50195,156.52344,,,,
-2.4643052,-2.24E-05,-2831.6699,0,157.00195,157.02344,,,,
-2.4676108,0.000700235,-2857.7822,0,157.50195,157.52344,,,,
-2.4704003,0.000898361,-2880.6035,0,158.00195,158.02344,,,,
-2.4736726,0.00157094,-2901.948,0,158.50195,158.52344,,,,
-2.4756134,0.000903845,-2913.3672,0,159.00195,159.02344,,,,
-2.478025,0.000699282,-2925.4382,0,159.50195,159.52344,,,,
-2.4804688,0.00051856,-2940.6152,0,160.00195,160.02344,,,,
-2.4830401,0.000457048,-2956.8035,0,160.50195,160.52344,,,,
-2.4852836,5.96E-05,-2970.0801,0,161.00195,161.02344,,,,
-2.4878156,-5.77E-05,-2982.999,0,161.50195,161.52344,,,,
-2.4892676,-0.001263142,-3000.498,0,162.00195,162.02344,,,,
-2.4916148,-0.00158143,-3019.1108,0,162.50195,162.52344,,,,
-2.4945533,-0.001317024,-3037.9082,0,163.00195,163.02344,,,,
-2.4982703,-0.000282049,-3071.2402,0,163.50195,163.52344,,,,
-2.5013483,0.000105619,-3100.3672,0,164.00195,164.02344,,,,
-2.5044847,0.000543356,-3126.1694,0,164.50195,164.52344,,,,
-2.507416,0.000767708,-3142.3784,0,165.00195,165.02344,,,,
-2.5097311,0.000367641,-3152.9253,0,165.50195,165.52344,,,,
-2.5124192,0.000332594,-3164.1929,0,166.00195,166.02344,,,,
-2.5141704,-0.000647545,-3174.9082,0,166.50195,166.52344,,,,
-2.5173342,-0.000223398,-3204.1204,0,167.00195,167.02344,,,,
-2.5223696,0.002064228,-3251.4636,0,167.50195,167.52344,,,,
-2.5249124,0.001851082,-3260.3916,0,168.00195,168.02344,,,,
-2.5267601,0.000934601,-3263.8191,0,168.50195,168.52344,,,,
-2.5284457,-0.000152111,-3263.9338,0,169.00195,169.02344,,,,
-2.5305343,-0.00084424,-3279.8691,0,169.50195,169.52344,,,,
-2.5335753,-0.000591755,-3297.6172,0,170.00195,170.02344,,,,
-2.5364339,-0.000530005,-3319.0032,0,170.50195,170.52344,,,,
-2.5395215,-0.000247478,-3340.1538,0,171.00195,171.02344,,,,
-2.5413167,-0.001265287,-3359.5916,0,171.50195,171.52344,,,,
-2.547642,0.002238751,-3418.6233,0,172.00195,172.02344,,,,
-2.55108,0.002847433,-3441.3127,0,172.50195,172.52344,,,,
-2.5535929,0.002522707,-3446.2268,0,173.00195,173.02344,,,,
-2.5554371,0.001521349,-3440.0439,0,173.50195,173.52344,,,,
-2.5571465,0.00037694,-3436.7673,0,174.00195,174.02344,,,,
-2.5585079,-0.001123667,-3445.3914,0,174.50195,174.52344,,,,
-2.5613332,-0.00116849,-3460.6909,0,175.00195,175.02344,,,,
-2.5637412,-0.001638413,-3477.4316,0,175.50195,175.52344,,,,
-2.5662851,-0.001980782,-3498.1333,0,176.00195,176.02344,,,,
-2.569505,-0.001655102,-3521.9519,0,176.50195,176.52344,,,,
-2.5736463,-0.00041604,-3554.4829,0,177.00195,177.02344,,,,
-2.5766826,-0.000290155,-3584.3232,0,177.50195,177.52344,,,,
-2.5801146,0.00022316,-3602.9163,0,178.00195,178.02344,,,,
-2.5828445,2.65E-05,-3614.1372,0,178.50195,178.52344,,,,
-2.5853169,-0.000435829,-3625.4177,0,179.00195,179.02344,,,,
-2.5878191,-0.000876427,-3633.3896,0,179.50195,179.52344,,,,
-2.5905609,-0.001085281,-3648.4246,0,180.00195,180.02344,,,,
-2.5933135,-0.001291513,-3666.0818,0,180.50195,180.52344,,,,
-2.5965858,-0.000986099,-3690.1582,0,181.00195,181.02344,,,,
-2.5997937,-0.000752926,-3712.4756,0,181.50195,181.52344,,,,
-2.6037943,0.000264883,-3738.7131,0,182.00195,182.02344,,,,
-2.6069045,0.000384092,-3753.8743,0,182.50195,182.52344,,,,
-2.6098669,0.000347376,-3765.8423,0,183.00195,183.02344,,,,
-2.6118612,-0.000665426,-3774.5923,0,183.50195,183.52344,,,,
-2.6146293,-0.000912428,-3785.772,0,184.00195,184.02344,,,,
-2.617166,-0.001398563,-3805.6013,0,184.50195,184.52344,,,,
-2.6205361,-0.001059294,-3823.988,0,185.00195,185.02344,,,,
-2.6237476,-0.000886917,-3843.7673,0,185.50195,185.52344,,,,
-2.6262319,-0.001449347,-3859.2263,0,186.00195,186.02344,,,,
-2.6306045,-0.000131845,-3890.7134,0,186.50195,186.52344,,,,
-2.6333356,-0.000463724,-3912.21,0,187.00195,187.02344,,,,
-2.6377285,0.000858307,-3939.7651,0,187.50195,187.52344,,,,
-2.6409066,0.000957489,-3955.928,0,188.00195,188.02344,,,,
-2.6432419,0.000205994,-3967.1628,0,188.50195,188.52344,,,,
-2.646805,0.000674486,-3987.1067,0,189.00195,189.02344,,,,
-2.6505959,0.001362801,-4017.0793,0,189.50195,189.52344,,,,
-2.6540709,0.001727104,-4042.5334,0,190.00195,190.02344,,,,
-2.6569879,0.001525641,-4049.4246,0,190.50195,190.52344,,,,
-2.6589131,0.000324488,-4055.0498,0,191.00195,191.02344,,,,
-2.6613617,-0.000361443,-4063.7258,0,191.50195,191.52344,,,,
-2.6639533,-0.000912189,-4083.2175,0,192.00195,192.02344,,,,
-2.6669538,-0.001062155,-4107.7554,0,192.50195,192.52344,,,,
-2.6696861,-0.00148797,-4126.8872,0,193.00195,193.02344,,,,
-2.6737714,-0.000568628,-4153.5469,0,193.50195,193.52344,,,,
-2.6761556,-0.001358271,-4178.9858,0,194.00195,194.02344,,,,
-2.6805758,-0.000119686,-4213.8018,0,194.50195,194.52344,,,,
-2.684989,0.001103878,-4257.4126,0,195.00195,195.02344,,,,
-2.6887751,0.001692295,-4281.1597,0,195.50195,195.52344,,,,
-2.6914978,0.001209736,-4289.8965,0,196.00195,196.02344,,,,
-2.6933944,-0.00010705,-4302.2104,0,196.50195,196.52344,,,,
-2.6953638,-0.001358986,-4315.5269,0,197.00195,197.02344,,,,
-2.6986599,-0.001291752,-4331.4043,0,197.50195,197.52344,,,,
-2.7022088,-0.000979662,-4361.5229,0,198.00195,198.02344,,,,
-2.7056754,-0.000757694,-4387.8623,0,198.50195,198.52344,,,,
-2.7103412,0.00065589,-4441.1099,0,199.00195,199.02344,,,,
-2.7144063,0.001460552,-4482.355,0,199.50195,199.52344,,,,
-2.7175879,0.001374006,-4505.3838,0,200.00195,200.02344,,,,
-2.7207232,0.001233339,-4515.5625,0,200.50195,200.52344,,,,
-2.7225912,-0.00018239,-4527.9341,0,201.00195,201.02344,,,,
-2.7248752,-0.001189947,-4543.9023,0,201.50195,201.52344,,,,
-2.7280796,-0.001284838,-4573.0112,0,202.00195,202.02344,,,,
-2.7326727,1.19E-06,-4629.2446,0,202.50195,202.52344,,,,
-2.7370191,0.001032591,-4671.373,0,203.00195,203.02344,,,,
-2.7404523,0.001143217,-4694.0254,0,203.50195,203.52344,,,,
-2.7441621,0.00152278,-4722.5581,0,204.00195,204.02344,,,,
-2.7471697,0.001192093,-4739.9761,0,204.50195,204.52344,,,,
-2.7490461,-0.000277519,-4756.4995,0,205.00195,205.02344,,,,
-2.7522314,-0.000446081,-4786.7368,0,205.50195,205.52344,,,,
-2.756474,0.000435114,-4832.7275,0,206.00195,206.02344,,,,
-2.7592194,-0.000188589,-4862.3926,0,206.50195,206.52344,,,,
-2.7629972,0.000212431,-4888.9092,0,207.00195,207.02344,,,,
-2.765584,-0.000585318,-4909.5464,0,207.50195,207.52344,,,,
-2.7683556,-0.001205921,-4936.7534,0,208.00195,208.02344,,,,
-2.7722442,-0.000717402,-4969.4063,0,208.50195,208.52344,,,,
-2.7768815,0.000512123,-5029.4839,0,209.00195,209.02344,,,,
-2.7809978,0.001212835,-5069.1094,0,209.50195,209.52344,,,,
-2.7841783,0.000970125,-5091.9028,0,210.00195,210.02344,,,,
-2.7872014,0.000562429,-5108.52,0,210.50195,210.52344,,,,
-2.7888691,-0.001208305,-5126.9683,0,211.00195,211.02344,,,,
-2.7927005,-0.000823021,-5162.0962,0,211.50195,211.52344,,,,
-2.795893,-0.001084328,-5203.2373,0,212.00195,212.02344,,,,
-2.8001022,-0.000336409,-5254.9302,0,212.50195,212.52344,,,,
-2.8043044,0.00039649,-5289.9634,0,213.00195,213.02344,,,,
-2.8077495,0.000365019,-5320.1328,0,213.50195,213.52344,,,,
-2.8108001,-6.89E-05,-5344.4658,0,214.00195,214.02344,,,,
-2.8141761,-0.000185013,-5375.8076,0,214.50195,214.52344,,,,
-2.8178298,-3.10E-05,-5413.5669,0,215.00195,215.02344,,,,
-2.8220284,0.000660181,-5454.5054,0,215.50195,215.52344,,,,
-2.8252697,0.000386715,-5486.9956,0,216.00195,216.02344,,,,
-2.8275049,-0.000900507,-5512.3623,0,216.50195,216.52344,,,,
-2.8313005,-0.000634909,-5543.5137,0,217.00195,217.02344,,,,
-2.8340816,-0.001391411,-5578.9126,0,217.50195,217.52344,,,,
-2.8392339,0.00021553,-5631.2461,0,218.00195,218.02344,,,,
-2.8433156,0.000744343,-5679.3955,0,218.50195,218.52344,,,,
-2.8466785,0.000546694,-5704.1606,0,219.00195,219.02344,,,,
-2.8496957,-4.05E-06,-5725.7192,0,219.50195,219.52344,,,,
-2.8520691,-0.00120616,-5752.6006,0,220.00195,220.02344,,,,
-2.8555679,-0.001290321,-5781.521,0,220.50195,220.52344,,,,
-2.8591943,-0.001254559,-5811.4243,0,221.00195,221.02344,,,,
-2.8657544,0.001707315,-5914.7236,0,221.50195,221.52344,,,,
-2.8721249,0.004472256,-5976.8501,0,222.00195,222.02344,,,,
-2.8737867,0.0025208,-5981.3975,0,222.50195,222.52344,,,,
-2.8763163,0.001429558,-5989.5605,0,223.00195,223.02344,,,,
-2.8786325,0.00011754,-6002.4814,0,223.50195,223.52344,,,,
-2.8808081,-0.001342773,-6029.6538,0,224.00195,224.02344,,,,
-2.8845477,-0.001246214,-6062.5781,0,224.50195,224.52344,,,,
-2.8877497,-0.001694918,-6101.3228,0,225.00195,225.02344,,,,
-2.8912473,-0.001855612,-6145.2061,0,225.50195,225.52344,,,,
-2.8962457,-0.000522852,-6202.9497,0,226.00195,226.02344,,,,
-2.9006565,0.000214815,-6253.6035,0,226.50195,226.52344,,,,
-2.9051352,0.001012802,-6297.5459,0,227.00195,227.02344,,,,
-2.9086232,0.000812769,-6325.4106,0,227.50195,227.52344,,,,
-2.9116905,0.000184536,-6353.5122,0,228.00195,228.02344,,,,
-2.9142928,-0.000916243,-6381.395,0,228.50195,228.52344,,,,
-2.9179466,-0.000972748,-6419.3691,0,229.00195,229.02344,,,,
-2.9224968,-0.00014019,-6481.8296,0,229.50195,229.52344,,,,
-2.9283166,0.001954317,-6543.7417,0,230.00195,230.02344,,,,
-2.9311097,0.001014948,-6572.3491,0,230.50195,230.52344,,,,
-2.9342961,0.00046134,-6597.0552,0,231.00195,231.02344,,,,
-2.9370308,-0.000551462,-6623.2378,0,231.50195,231.52344,,,,
-2.9403865,-0.000950813,-6649.0923,0,232.00195,232.02344,,,,
-2.9438591,-0.001240492,-6681.8804,0,232.50195,232.52344,,,,
-2.9469454,-0.0019238,-6717.52,0,233.00195,233.02344,,,,
-2.9509699,-0.001676083,-6770.2578,0,233.50195,233.52344,,,,
-2.9560423,-0.000388145,-6831.2236,0,234.00195,234.02344,,,,
-2.9612112,0.000989199,-6887.9614,0,234.50195,234.52344,,,,
-2.9650879,0.001066923,-6926.6597,0,235.00195,235.02344,,,,
-2.9681671,0.000339746,-6946.9009,0,235.50195,235.52344,,,,
-2.9708731,-0.000767946,-6965.0977,0,236.00195,236.02344,,,,
-2.9736137,-0.001848459,-6991.3623,0,236.50195,236.52344,,,,
-2.979883,0.000592232,-7087.7495,0,237.00195,237.02344,,,,
-2.9875314,0.00440526,-7175.166,0,237.50195,237.52344,,,,
-2.9893887,0.002419472,-7175.6626,0,238.00195,238.02344,,,,
-2.990948,0.000128746,-7173.0781,0,238.50195,238.52344,,,,
-2.9934108,-0.001266003,-7193.4243,0,239.00195,239.02344,,,,
-2.996726,-0.001815558,-7231.4043,0,239.50195,239.52344,,,,
-3.0003059,-0.002107859,-7278.9653,0,240.00195,240.02344,,,,
-3.0056655,-0.000627518,-7341.5669,0,240.50195,240.52344,,,,
-3.011446,0.001266241,-7416.6353,0,241.00195,241.02344,,,,
-3.0151987,0.001124859,-7460.9199,0,241.50195,241.52344,,,,
-3.0185151,0.000540257,-7483.5103,0,242.00195,242.02344,,,,
-3.0225658,0.000682592,-7520.2949,0,242.50195,242.52344,,,,
-3.0262232,0.000424623,-7560.0645,0,243.00195,243.02344,,,,
-3.0286133,-0.00110817,-7585.8193,0,243.50195,243.52344,,,,
-3.0322456,-0.001405716,-7621.7026,0,244.00195,244.02344,,,,
-3.0360329,-0.001555681,-7657.2837,0,244.50195,244.52344,,,,
-3.039788,-0.001745224,-7701.9756,0,245.00195,245.02344,,,,
-3.044827,-0.000657797,-7762.0635,0,245.50195,245.52344,,,,
-3.049053,-0.000391006,-7813.5684,0,246.00195,246.02344,,,,
-3.0535889,0.000179052,-7856.8335,0,246.50195,246.52344,,,,
-3.0571318,-0.000251055,-7893.3398,0,247.00195,247.02344,,,,
-3.0630648,0.001701832,-7960.7085,0,247.50195,247.52344,,,,
-3.0667913,0.001440764,-8003.8472,0,248.00195,248.02344,,,,
-3.0701339,0.000788927,-8033.189,0,248.50195,248.52344,,,,
-3.07356,0.000213146,-8059.457,0,249.00195,249.02344,,,,
-3.0760598,-0.001296043,-8084.0215,0,249.50195,249.52344,,,,
-3.0797935,-0.001578569,-8125.2803,0,250.00195,250.02344,,,,
-3.0836928,-0.001702547,-8166.4038,0,250.50195,250.52344,,,,
-3.0883205,-0.001104832,-8216.1553,0,251.00195,251.02344,,,,
-3.0929065,-0.000556231,-8266.3525,0,251.50195,251.52344,,,,
-3.0972016,-0.000305414,-8320.9443,0,252.00195,252.02344,,,,
-3.1033623,0.001803875,-8393.5391,0,252.50195,252.52344,,,,
-3.1068921,0.001275063,-8433.2344,0,253.00195,253.02344,,,,
-3.1109762,0.001293421,-8457.1416,0,253.50195,253.52344,,,,
-3.113966,0.000210285,-8484.0508,0,254.00195,254.02344,,,,
-3.1163025,-0.001533032,-8506.0762,0,254.50195,254.52344,,,,
-3.1197953,-0.002127171,-8538.8281,0,255.00195,255.02344,,,,
-3.1258607,-0.000155687,-8621.4883,0,255.50195,255.52344,,,,
-3.1326771,0.0025599,-8714.3477,0,256.00195,256.02344,,,,
-3.1366301,0.002405167,-8743.9072,0,256.50195,256.52344,,,,
-3.1389236,0.000583649,-8752.042,0,257.00195,257.02344,,,,
-3.1415224,-0.000939369,-8774.4775,0,257.50195,257.52344,,,,
-3.1449175,-0.00167346,-8799.6045,0,258.00195,258.02344,,,,
-3.1479287,-0.00279808,-8843.46,0,258.50195,258.52344,,,,
-3.1523037,-0.002566338,-8891.3477,0,259.00195,259.02344,,,,
-3.1576753,-0.001344681,-8957.3311,0,259.50195,259.52344,,,,
-3.1636834,0.000506639,-9027.7168,0,260.00195,260.02344,,,,
-3.1701803,0.002839804,-9100.1191,0,260.50195,260.52344,,,,
-3.1737065,0.00219512,-9125.4502,0,261.00195,261.02344,,,,
-3.1765199,0.000830889,-9135.916,0,261.50195,261.52344,,,,
-3.1790948,-0.000778914,-9157.4033,0,262.00195,262.02344,,,,
-3.1821465,-0.001918793,-9194.3125,0,262.50195,262.52344,,,,
-3.1863523,-0.00191164,-9233.3281,0,263.00195,263.02344,,,,
-3.1918335,-0.000636101,-9299.2715,0,263.50195,263.52344,,,,
-3.1977224,0.001040459,-9383.2275,0,264.00195,264.02344,,,,
-3.2020593,0.001157999,-9418.0488,0,264.50195,264.52344,,,,
-3.204987,-0.00014019,-9445.709,0,265.00195,265.02344,,,,
-3.2087684,-0.000591993,-9470.5137,0,265.50195,265.52344,,,,
-3.2136917,9.16E-05,-9537.9385,0,266.00195,266.02344,,,,
-3.2186794,0.000832558,-9596.0264,0,266.50195,266.52344,,,,
-3.2221842,8.37E-05,-9627.6064,0,267.00195,267.02344,,,,
-3.2267308,0.000369787,-9657.0596,0,267.50195,267.52344,,,,
-3.2308626,0.000234127,-9709.9834,0,268.00195,268.02344,,,,
-3.2350111,0.000108242,-9749.1113,0,268.50195,268.52344,,,,
-3.2389927,-0.000190973,-9780.4561,0,269.00195,269.02344,,,,
-3.2426429,-0.000828505,-9825.5254,0,269.50195,269.52344,,,,
-3.2465005,-0.001265526,-9863.373,0,270.00195,270.02344,,,,
-3.2514596,-0.000607729,-9926.0596,0,270.50195,270.52344,,,,
-3.2574916,0.001116037,-9993.958,0,271.00195,271.02344,,,,
-3.261323,0.000632286,-10028.402,0,271.50195,271.52344,,,,
-3.2650661,5.36E-05,-10049.196,0,272.00195,272.02344,,,,
-3.2697272,0.000386,-10026.99,0,272.50195,272.52344,,,,
-3.2738161,0.000139713,-10043.417,0,273.00195,273.02344,,,,
-3.2778144,-0.000204086,-10080.844,0,273.50195,273.52344,,,,
-3.2822156,-0.000151634,-10136.277,0,274.00195,274.02344,,,,
-3.2871389,0.000416279,-10203.331,0,274.50195,274.52344,,,,
-3.2915425,0.000457764,-10240.477,0,275.00195,275.02344,,,,
-3.2952976,-0.000156164,-10275.221,0,275.50195,275.52344,,,,
-3.2994795,-0.000349998,-10317.115,0,276.00195,276.02344,,,,
-3.3033323,-0.000879765,-10362.406,0,276.50195,276.52344,,,,
-3.3080006,-0.000600815,-10417.767,0,277.00195,277.02344,,,,
-3.3125949,-0.000402212,-10466.858,0,277.50195,277.52344,,,,
-3.3175063,0.000106812,-10520.932,0,278.00195,278.02344,,,,
-3.3213878,-0.00042057,-10569.93,0,278.50195,278.52344,,,,
-3.3263826,0.000158548,-10636.887,0,279.00195,279.02344,,,,
-3.3323336,0.00168705,-10681.51,0,279.50195,279.52344,,,,
-3.3354998,0.000424147,-10710.002,0,280.00195,280.02344,,,,
-3.3389354,-0.000576019,-10740.317,0,280.50195,280.52344,,,,
-3.3426833,-0.001270533,-10784.313,0,281.00195,281.02344,,,,
-3.3474493,-0.000953674,-10832.987,0,281.50195,281.52344,,,,
-3.3524942,-0.000364304,-10888.395,0,282.00195,282.02344,,,,
-3.3569598,-0.000360727,-10941.307,0,282.50195,282.52344,,,,
-3.3618307,4.15E-05,-10988.952,0,283.00195,283.02344,,,,
-3.3662939,2.93E-05,-11030.785,0,283.50195,283.52344,,,,
-3.3705688,-0.000177622,-11071.3,0,284.00195,284.02344,,,,
-3.3744884,-0.000746489,-11118.557,0,284.50195,284.52344,,,,
-3.3805728,0.00084281,-11176.48,0,285.00195,285.02344,,,,
-3.3850884,0.000856638,-11232.675,0,285.50195,285.52344,,,,
-3.3894253,0.000685215,-11270.425,0,286.00195,286.02344,,,,
-3.3945036,0.001248837,-11332.579,0,286.50195,286.52344,,,,
-3.3982182,0.000442505,-11368.807,0,287.00195,287.02344,,,,
-3.4028006,0.000497103,-11402.365,0,287.50195,287.52344,,,,
-3.4060216,-0.000815868,-11433.4,0,288.00195,288.02344,,,,
-3.4104204,-0.000957727,-11470.825,0,288.50195,288.52344,,,,
-3.4150887,-0.000836849,-11532.054,0,289.00195,289.02344,,,,
-3.4203601,-0.000119209,-11589.835,0,289.50195,289.52344,,,,
-3.4264874,0.001447916,-11657.568,0,290.00195,290.02344,,,,
-3.4304476,0.000841379,-11707.488,0,290.50195,290.52344,,,,
-3.4346938,0.000514507,-11738.858,0,291.00195,291.02344,,,,
-3.438313,-0.000445843,-11764.911,0,291.50195,291.52344,,,,
-3.4423494,-0.000995159,-11791.6,0,292.00195,292.02344,,,,
-3.4469986,-0.000938416,-11862.888,0,292.50195,292.52344,,,,
-3.4537888,0.00125289,-11947.738,0,293.00195,293.02344,,,,
-3.45788,0.000738859,-11982.535,0,293.50195,293.52344,,,,
-3.46277,0.001017332,-12015.377,0,294.00195,294.02344,,,,
-3.4665227,0.000151873,-12055.217,0,294.50195,294.52344,,,,
-3.470099,-0.000896454,-12095.323,0,295.00195,295.02344,,,,
-3.4744954,-0.001130819,-12132.46,0,295.50195,295.52344,,,,
-3.4829569,0.002693653,-12243.563,0,296.00195,296.02344,,,,
-3.486793,0.001886368,-12273.682,0,296.50195,296.52344,,,,
-3.4901118,0.000555277,-12288.61,0,297.00195,297.02344,,,,
-3.4937024,-0.000510454,-12319.537,0,297.50195,297.52344,,,,
-3.4976411,-0.001234293,-12365.548,0,298.00195,298.02344,,,,
-3.5019422,-0.001602173,-12416.127,0,298.50195,298.52344,,,,
-3.5068321,-0.001387596,-12460.102,0,299.00195,299.02344,,,,
-3.5115123,-0.001389027,-12519.428,0,299.50195,299.52344,,,,
-3.5182381,0.000648975,-12591.021,0,300.00195,300.02344,,,,
-3.5228086,0.000525475,-12637.666,0,300.50195,300.52344,,,,
-3.5267901,-0.000193119,-12671.766,0,301.00195,301.02344,,,,
-3.5318971,0.000207186,-12723.499,0,301.50195,301.52344,,,,
-3.5365343,0.000131607,-12770.168,0,302.00195,302.02344,,,,
-3.5411024,-1.96E-05,-12811.468,0,302.50195,302.52344,,,,
-3.5447478,-0.001099587,-12848.707,0,303.00195,303.02344,,,,
-3.5494733,-0.001105785,-12891.448,0,303.50195,303.52344,,,,
-3.5544276,-0.00088954,-12949.644,0,304.00195,304.02344,,,,
-3.5594845,-0.000576735,-12993.9,0,304.50195,304.52344,,,,
-3.5643411,-0.0004704,-13039.302,0,305.00195,305.02344,,,,
-3.5687256,-0.000842094,-13092.838,0,305.50195,305.52344,,,,
-3.5740447,-0.000285625,-13144.373,0,306.00195,306.02344,,,,
-3.5788679,-0.000231266,-13187.297,0,306.50195,306.52344,,,,
-3.5852695,0.001395226,-13255.569,0,307.00195,307.02344,,,,
-3.5906982,0.00204277,-13303.872,0,307.50195,307.52344,,,,
-3.5937572,0.000313997,-13337.583,0,308.00195,308.02344,,,,
-3.598187,-4.96E-05,-13367.053,0,308.50195,308.52344,,,,
-3.6026597,-0.000376463,-13404.44,0,309.00195,309.02344,,,,
-3.6094546,0.001612902,-13502.282,0,309.50195,309.52344,,,,
-3.6140609,0.001407147,-13532.043,0,310.00195,310.02344,,,,
-3.6173987,-7.27E-05,-13554.49,0,310.50195,310.52344,,,,
-3.6211133,-0.001182318,-13589.043,0,311.00195,311.02344,,,,
-3.6257553,-0.00137043,-13632.599,0,311.50195,311.52344,,,,
-3.6312699,-0.000692129,-13701.507,0,312.00195,312.02344,,,,
-3.6363006,-0.000504017,-13754.908,0,312.50195,312.52344,,,,
-3.6412072,-0.000445843,-13806.557,0,313.00195,313.02344,,,,
-3.6460257,-0.000481844,-13843.035,0,313.50195,313.52344,,,,
-3.6505675,-0.000800371,-13890.076,0,314.00195,314.02344,,,,
-3.656621,0.000386715,-13955.013,0,314.50195,314.52344,,,,
-3.6621594,0.001052618,-14016.124,0,315.00195,315.02344,,,,
-3.6666703,0.000684977,-14045.654,0,315.50195,315.52344,,,,
-3.670392,-0.000477791,-14073.867,0,316.00195,316.02344,,,,
-3.6739135,-0.001847029,-14106.524,0,316.50195,316.52344,,,,
-3.6813903,0.000732899,-14211.75,0,317.00195,317.02344,,,,
-3.6866117,0.001051664,-14259.937,0,317.50195,317.52344,,,,
-3.690691,0.000222683,-14284.241,0,318.00195,318.02344,,,,
-3.6948752,-0.000507355,-14309.923,0,318.50195,318.52344,,,,
-3.6995864,-0.000716686,-14356.278,0,319.00195,319.02344,,,,
-3.7048936,-0.000335693,-14424.23,0,319.50195,319.52344,,,,
-3.7099504,-0.000211239,-14470.879,0,320.00195,320.02344,,,,
-3.7147951,-0.000304699,-14516.363,0,320.50195,320.52344,,,,
-3.7195802,-0.000463963,-14564.972,0,321.00195,321.02344,,,,
-3.7272739,0.00227952,-14656.079,0,321.50195,321.52344,,,,
-3.7311554,0.001205206,-14691.32,0,322.00195,322.02344,,,,
-3.7352324,0.000320435,-14717.356,0,322.50195,322.52344,,,,
-3.7390804,-0.000799179,-14749.169,0,323.00195,323.02344,,,,
-3.7436318,-0.00122118,-14790.17,0,323.50195,323.52344,,,,
-3.7490416,-0.000790834,-14854.319,0,324.00195,324.02344,,,,
-3.7546015,-0.000216246,-14922.072,0,324.50195,324.52344,,,,
-3.7599015,9.27E-05,-14964.642,0,325.00195,325.02344,,,,
-3.7640381,-0.000767708,-15003.864,0,325.50195,325.52344,,,,
-3.7688303,-0.00097847,-15051.621,0,326.00195,326.02344,,,,
-3.7744427,-0.000374794,-15124.583,0,326.50195,326.52344,,,,
-3.7820387,0.002207041,-15193.798,0,327.00195,327.02344,,,,
-3.7859583,0.001106501,-15227.368,0,327.50195,327.52344,,,,
-3.7896442,-0.000233412,-15266.262,0,328.00195,328.02344,,,,
-3.7962055,0.001296282,-15334.326,0,328.50195,328.52344,,,,
-3.8016748,0.001728058,-15373.202,0,329.00195,329.02344,,,,
-3.8049054,-8.46E-05,-15405.021,0,329.50195,329.52344,,,,
-3.8097739,-0.000265121,-15446.146,0,330.00195,330.02344,,,,
-3.8137174,-0.001376629,-15487.819,0,330.50195,330.52344,,,,
-3.8186669,-0.001487494,-15536.569,0,331.00195,331.02344,,,,
-3.8243413,-0.000879049,-15597.313,0,331.50195,331.52344,,,,
-3.8314772,0.00118494,-15687.022,0,332.00195,332.02344,,,,
-3.8370204,0.00165081,-15730.905,0,332.50195,332.52344,,,,
-3.8413382,0.000885487,-15764.42,0,333.00195,333.02344,,,,
-3.8451695,-0.000372171,-15791.786,0,333.50195,333.52344,,,,
-3.8510656,0.000429392,-15860.084,0,334.00195,334.02344,,,,
-3.8550901,-0.000646591,-15893.094,0,334.50195,334.52344,,,,
-3.8599801,-0.000862598,-15940.163,0,335.00195,335.02344,,,,
-3.8647723,-0.001181841,-15991.979,0,335.50195,335.52344,,,,
-3.8707924,-0.000278711,-16051.008,0,336.00195,336.02344,,,,
-3.8756704,-0.000523329,-16095.545,0,336.50195,336.52344,,,,
-3.8812613,-6.08E-05,-16149.435,0,337.00195,337.02344,,,,
-3.886869,0.000412941,-16201.06,0,337.50195,337.52344,,,,
-3.8927722,0.001176596,-16264.022,0,338.00195,338.02344,,,,
-3.8983941,0.001653433,-16321.423,0,338.50195,338.52344,,,,
-3.9023066,0.000414848,-16350.594,0,339.00195,339.02344,,,,
-3.9070415,-6.44E-06,-16382.44,0,339.50195,339.52344,,,,
-3.9111805,-0.001029253,-16419.156,0,340.00195,340.02344,,,,
-3.9163351,-0.001041889,-16470.563,0,340.50195,340.52344,,,,
-3.9214182,-0.001131535,-16519.182,0,341.00195,341.02344,,,,
-3.9279127,0.000184536,-16583.514,0,341.50195,341.52344,,,,
-3.9339232,0.001011372,-16652.016,0,342.00195,342.02344,,,,
-3.9393377,0.001236439,-16700.592,0,342.50195,342.52344,,,,
-3.9436316,0.000335217,-16734.01,0,343.00195,343.02344,,,,
-3.9481425,-0.00035429,-16766.43,0,343.50195,343.52344,,,,
-3.9522815,-0.001421452,-16800.381,0,344.00195,344.02344,,,,
-3.9586163,-0.000297785,-16875.047,0,344.50195,344.52344,,,,
-3.9637589,-0.000371933,-16927.029,0,345.00195,345.02344,,,,
-3.9695287,0.000175714,-16977.525,0,345.50195,345.52344,,,,
-3.9756322,0.001051664,-17046.389,0,346.00195,346.02344,,,,
-3.9807296,0.000916004,-17092.809,0,346.50195,346.52344,,,,
-3.9861798,0.001127958,-17141.498,0,347.00195,347.02344,,,,
-3.9907384,0.000442505,-17185.648,0,347.50195,347.52344,,,,
-3.9956713,0.000125885,-17228.637,0,348.00195,348.02344,,,,
-4.0015101,0.000710011,-17282.721,0,348.50195,348.52344,,,,
-4.0058899,-0.000170231,-17317.508,0,349.00195,349.02344,,,,
-4.0113044,-2.10E-05,-17365.545,0,349.50195,349.52344,,,,
-4.0168118,0.000216007,-17416.346,0,350.00195,350.02344,,,,
-4.0219355,6.34E-05,-17455.102,0,350.50195,350.52344,,,,
-4.02704,-0.000113487,-17510.459,0,351.00195,351.02344,,,,
-4.03265,0.000209808,-17578.688,0,351.50195,351.52344,,,,
-4.0383339,0.000601768,-17630.678,0,352.00195,352.02344,,,,
-4.0436482,0.000618458,-17674.889,0,352.50195,352.52344,,,,
-4.0485692,0.000236988,-17710.422,0,353.00195,353.02344,,,,
-4.0527916,-0.00084877,-17755.574,0,353.50195,353.52344,,,,
-4.0595746,0.000621319,-17832.602,0,354.00195,354.02344,,,,
-4.0648341,0.000562668,-17870.414,0,354.50195,354.52344,,,,
-4.0683746,-0.001220703,-17901.582,0,355.00195,355.02344,,,,
-4.0741014,-0.000822544,-17957.662,0,355.50195,355.52344,,,,
-4.0804553,0.000196934,-18013.469,0,356.00195,356.02344,,,,
-4.0847731,-0.000824928,-18067.025,0,356.50195,356.52344,,,,
-4.0910411,9.87E-05,-18111.398,0,357.00195,357.02344,,,,
-4.0956092,-0.000683308,-18154.568,0,357.50195,357.52344,,,,
-4.1011858,-0.000461578,-18207.156,0,358.00195,358.02344,,,,
-4.1071081,0.000100613,-18272.975,0,358.50195,358.52344,,,,
-4.1127682,0.000395775,-18325.58,0,359.00195,359.02344,,,,
-4.118011,0.000267982,-18361.219,0,359.50195,359.52344,,,,
-4.1221881,-0.000930786,-18396.676,0,360.00195,360.02344,,,,
-4.1290236,0.000524044,-18466.105,0,360.50195,360.52344,,,,
-4.1339803,9.49E-05,-18516.006,0,361.00195,361.02344,,,,
-4.1395617,0.000285149,-18554.154,0,361.50195,361.52344,,,,
-4.1434574,-0.001215458,-18584.303,0,362.00195,362.02344,,,,
-4.1503072,0.000233173,-18668.594,0,362.50195,362.52344,,,,
-4.1572905,0.001810074,-18729.498,0,363.00195,363.02344,,,,
-4.1617513,0.000859737,-18757.158,0,363.50195,363.52344,,,,
-4.1657257,-0.000582218,-18792.818,0,364.00195,364.02344,,,,
-4.1711688,-0.000560761,-18840.008,0,364.50195,364.52344,,,,
-4.1781783,0.001022339,-18926.961,0,365.00195,365.02344,,,,
-4.1854262,0.002838612,-18991.646,0,365.50195,365.52344,,,,
-4.1889763,0.000951767,-19007.611,0,366.00195,366.02344,,,,
-4.1936064,0.00014019,-19034.838,0,366.50195,366.52344,,,,
-4.1980648,-0.000847816,-19075.057,0,367.00195,367.02344,,,,
-4.2031336,-0.001230717,-19133.018,0,367.50195,367.52344,,,,
-4.2093349,-0.000485897,-19192.008,0,368.00195,368.02344,,,,
-4.2166853,0.001402855,-19267.697,0,368.50195,368.52344,,,,
-4.2210031,0.000254154,-19304.975,0,369.00195,369.02344,,,,
-4.2257953,-0.000425339,-19341.018,0,369.50195,369.52344,,,,
-4.230969,-0.00072813,-19386.475,0,370.00195,370.02344,,,,
-4.2363191,-0.000859737,-19429.158,0,370.50195,370.52344,,,,
-4.2427659,0.000100613,-19495.916,0,371.00195,371.02344,,,,
-4.2474675,-0.00068903,-19545.307,0,371.50195,371.52344,,,,
-4.2525887,-0.001063824,-19591.664,0,372.00195,372.02344,,,,
-4.2587924,-0.000360966,-19644.168,0,372.50195,372.52344,,,,
-4.2643881,-0.000270844,-19691.971,0,373.00195,373.02344,,,,
-4.2704606,0.000290871,-19756.881,0,373.50195,373.52344,,,,
-4.275651,-3.48E-05,-19802.553,0,374.00195,374.02344,,,,
-4.2803955,-0.000810623,-19842.051,0,374.50195,374.52344,,,,
-4.2856121,-0.001119614,-19887.689,0,375.00195,375.02344,,,,
-4.2927098,0.00044775,-19963.938,0,375.50195,375.52344,,,,
-4.2984462,0.000649452,-20010.652,0,376.00195,376.02344,,,,
-4.3035507,0.0002141,-20047.393,0,376.50195,376.52344,,,,
-4.3079376,-0.000943184,-20087.969,0,377.00195,377.02344,,,,
-4.3143201,-0.000110149,-20147.297,0,377.50195,377.52344,,,,
-4.3199253,-5.91E-05,-20197.6,0,378.00195,378.02344,,,,
-4.3254399,-0.000103474,-20253.41,0,378.50195,378.52344,,,,
-4.3312764,0.000169277,-20297.416,0,379.00195,379.02344,,,,
-4.3361092,-0.000566959,-20347.32,0,379.50195,379.52344,,,,
-4.3428421,0.000593185,-20409.01,0,380.00195,380.02344,,,,
-4.3477082,-0.000118732,-20439.316,0,380.50195,380.52344,,,,
-4.3536663,0.000257015,-20504.668,0,381.00195,381.02344,,,,
-4.3601847,0.001188278,-20562.209,0,381.50195,381.52344,,,,
-4.3655109,0.00092268,-20603.527,0,382.00195,382.02344,,,,
-4.370575,0.000390053,-20645.176,0,382.50195,382.52344,,,,
-4.3764853,0.000699043,-20682.248,0,383.00195,383.02344,,,,
-4.380486,-0.000906467,-20721.166,0,383.50195,383.52344,,,,
-4.3861103,-0.000893116,-20774.17,0,384.00195,384.02344,,,,
-4.3920398,-0.00057888,-20820.434,0,384.50195,384.52344,,,,
-4.3962789,-0.001959324,-20863.221,0,385.00195,385.02344,,,,
-4.4033599,-0.000503063,-20926.055,0,385.50195,385.52344,,,,
-4.4102097,0.00071764,-21000.287,0,386.00195,386.02344,,,,
-4.4167566,0.00163126,-21048.188,0,386.50195,386.52344,,,,
-4.420774,1.00E-05,-21083.973,0,387.00195,387.02344,,,,
-4.4270825,0.000675678,-21128.547,0,387.50195,387.52344,,,,
-4.4322205,0.000165939,-21180.242,0,388.00195,388.02344,,,,
-4.4380522,0.000345707,-21234.873,0,388.50195,388.52344,,,,
-4.4437933,0.000430107,-21289.672,0,389.00195,389.02344,,,,
-4.4495869,0.000562668,-21330.742,0,389.50195,389.52344,,,,
-4.4544625,-0.000226974,-21368.311,0,390.00195,390.02344,,,,
-4.4587541,-0.001605511,-21405.586,0,390.50195,390.52344,,,,
-4.4648623,-0.001171589,-21461.805,0,391.00195,391.02344,,,,
-4.4718742,0.000161171,-21532.063,0,391.50195,391.52344,,,,
-4.4772148,-0.000182152,-21574.453,0,392.00195,392.02344,,,,
-4.4832969,0.000211716,-21626.762,0,392.50195,392.52344,,,,
-4.4887424,-3.53E-05,-21673.727,0,393.00195,393.02344,,,,
-4.4947028,0.000228405,-21714.455,0,393.50195,393.52344,,,,
-4.4989467,-0.001229286,-21749.973,0,394.00195,394.02344,,,,
-4.5048094,-0.00107193,-21800.689,0,394.50195,394.52344,,,,
-4.5122266,0.000635147,-21870.723,0,395.00195,395.02344,,,,
-4.5180011,0.000694752,-21913.461,0,395.50195,395.52344,,,,
-4.5223975,-0.000627518,-21944.674,0,396.00195,396.02344,,,,
-4.5282149,-0.000533581,-21991.961,0,396.50195,396.52344,,,,
-4.5348692,0.000392437,-22056.082,0,397.00195,397.02344,,,,
-4.5408273,0.000618458,-22104.639,0,397.50195,397.52344,,,,
-4.546349,0.000403881,-22133.643,0,398.00195,398.02344,,,,
-4.5510602,-0.00062561,-22163.748,0,398.50195,398.52344,,,,
-4.5569801,-0.000450611,-22201.094,0,399.00195,399.02344,,,,
-4.5696068,0.008392334,-6125.3037,0,399.50195,399.52344,,,,
-4.5656562,0.004441738,-6138.8496,0,400.00195,400.02344,,,,
-4.5639658,0.00275135,-6144.0425,0,400.50195,400.52344,,,,
-4.5624542,0.001239777,-6143.2988,0,401.00195,401.02344,,,,
-4.5615816,0.000367165,-6147.1743,0,401.50195,401.52344,,,,
-4.5626211,0.00140667,-6154.2153,0,402.00195,402.02344,,,,
-4.5619106,0.000696182,-6164.2471,0,402.50195,402.52344,,,,
-4.5617127,0.000498295,-6163.2529,0,403.00195,403.02344,,,,
-4.5617342,0.000519753,-6176.249,0,403.50195,403.52344,,,,
-4.5614338,0.000219345,-6168.5259,0,404.00195,404.02344,,,,
-4.5610476,-0.000166893,-6181.0518,0,404.50195,404.52344,,,,
-4.5624471,0.001232624,-6187.7944,0,405.00195,405.02344,,,,
-4.5616865,0.000472069,-6190.1523,0,405.50195,405.52344,,,,
-4.5612454,3.10E-05,-6190.9932,0,406.00195,406.02344,,,,
-4.5615625,0.000348091,-6195.6016,0,406.50195,406.52344,,,,
-4.561398,0.000183582,-6196.7881,0,407.00195,407.02344,,,,
-4.5607352,-0.000479221,-6194.8086,0,407.50195,407.52344,,,,
-4.560833,-0.00038147,-6198.2329,0,408.00195,408.02344,,,,
-4.5612741,5.96E-05,-6205.1167,0,408.50195,408.52344,,,,
-4.5611572,-5.72E-05,-6209.126,0,409.00195,409.02344,,,,
,,,,,,,,,
Data Acquisition,,,,,,Time:,409.36328,s,1/20/2017 16:53
Axial Displacement,Axial Force,Date,,,,,,,
mm,N,d,,,,,,,
-2.0787895,-48.87965,42755,,,,,,,
